short_name,file_name,prediction
gogh_van,gogh_van_21_waterc01.jpg,gogh_van
gogh_van,gogh_van_21_waterc02.jpg,rubens
gogh_van,gogh_van_21_waterc03.jpg,rubens
gogh_van,gogh_van_21_waterc04.jpg,gogh_van
gogh_van,gogh_van_21_waterc05.jpg,gogh_van
gogh_van,gogh_van_21_waterc06.jpg,rubens
gogh_van,gogh_van_21_waterc07.jpg,gogh_van
gogh_van,gogh_van_21_waterc08.jpg,gogh_van
gogh_van,gogh_van_21_waterc09.jpg,gogh_van
gogh_van,gogh_van_21_waterc10.jpg,gogh_van
gogh_van,gogh_van_21_waterc11.jpg,rubens
gogh_van,gogh_van_21_waterc12.jpg,gogh_van
rembrand,rembrand_91nonrem_01noremb.jpg,rubens
rembrand,rembrand_91nonrem_02noremb.jpg,gogh_van
rembrand,rembrand_91nonrem_03noremb.jpg,rembrand
rembrand,rembrand_91nonrem_04noremb.jpg,rembrand
rembrand,rembrand_91nonrem_05noremb.jpg,rembrand
rembrand,rembrand_91nonrem_06noremb.jpg,rembrand
rembrand,rembrand_91nonrem_07noremb.jpg,rubens
rembrand,rembrand_91nonrem_08noremb.jpg,rembrand
rembrand,rembrand_91nonrem_10noremb.jpg,rembrand
rembrand,rembrand_91nonrem_11noremb.jpg,rembrand
rembrand,rembrand_91nonrem_12noremb.jpg,rembrand
rembrand,rembrand_91nonrem_13noremb.jpg,rembrand
rembrand,rembrand_91nonrem_14noremb.jpg,rembrand
rembrand,rembrand_91nonrem_15noremb.jpg,rubens
rembrand,rembrand_91nonrem_16noremb.jpg,rembrand
rembrand,rembrand_91nonrem_17noremb.jpg,rembrand
rembrand,rembrand_91nonrem_18noremb.jpg,rembrand
rembrand,rembrand_91nonrem_19noremb.jpg,gogh_van
rembrand,rembrand_91nonrem_20noremb.jpg,rembrand
rembrand,rembrand_91nonrem_21noremb.jpg,rembrand
rembrand,rembrand_91nonrem_22noremb.jpg,rembrand
rembrand,rembrand_91nonrem_23noremb.jpg,rembrand
rembrand,rembrand_91nonrem_24noremb.jpg,rembrand
rembrand,rembrand_91nonrem_25noremb.jpg,rembrand
rembrand,rembrand_91nonrem_26noremb.jpg,rembrand
rembrand,rembrand_91nonrem_27noremb.jpg,rembrand
rubens,rubens_7graphic_01sketch.jpg,rubens
rubens,rubens_7graphic_01sketci.jpg,rubens
rubens,rubens_7graphic_01sketcj.jpg,rubens
rubens,rubens_7graphic_01sketck.jpg,rubens
rubens,rubens_7graphic_02sketch.jpg,rubens
rubens,rubens_7graphic_03sketch.jpg,rubens
rubens,rubens_7graphic_04sketc.jpg,rubens
rubens,rubens_7graphic_04sketch.jpg,rubens
rubens,rubens_7graphic_05sketch.jpg,rubens
rubens,rubens_7graphic_06sketch.jpg,rubens
rubens,rubens_7graphic_06sketci.jpg,rubens
rubens,rubens_7graphic_07euchar.jpg,rubens
rubens,rubens_7graphic_08euchar.jpg,rubens
rubens,rubens_7graphic_09euchar.jpg,rubens
rubens,rubens_7graphic_10euchar.jpg,rubens
rubens,rubens_7graphic_10sketc1.jpg,rubens
rubens,rubens_7graphic_10sketc2.jpg,rubens
rubens,rubens_7graphic_10sketc3.jpg,rubens
rubens,rubens_7graphic_11sketc1.jpg,rubens
rubens,rubens_7graphic_11sketch.jpg,rubens
rubens,rubens_7graphic_11sketcx.jpg,rubens
rubens,rubens_7graphic_12sketch.jpg,rubens
rubens,rubens_7graphic_14sketch.jpg,rubens
rubens,rubens_7graphic_15sketch.jpg,rubens
rubens,rubens_7graphic_16sketch.jpg,rubens
rubens,rubens_7graphic_17drawin.jpg,gogh_van
rubens,rubens_7graphic_18drawin.jpg,gogh_van
rubens,rubens_7graphic_19drawin.jpg,gogh_van
rubens,rubens_7graphic_20drawin.jpg,gogh_van
rubens,rubens_7graphic_21drawin.jpg,gogh_van
rubens,rubens_7graphic_22drawin.jpg,rubens
rubens,rubens_7graphic_23drawin.jpg,gogh_van
rubens,rubens_7graphic_24drawin.jpg,gogh_van
rubens,rubens_61other_00battle.jpg,rubens
rubens,rubens_61other_01basket.jpg,rembrand
rubens,rubens_61other_02hippop.jpg,rubens
rubens,rubens_61other_03lionhu.jpg,rubens
rubens,rubens_61other_04boarhu.jpg,rubens
rubens,rubens_61other_051susan.jpg,rembrand
rubens,rubens_61other_05hermit.jpg,rubens
rubens,rubens_61other_060cimon.jpg,rembrand
rubens,rubens_61other_060simon.jpg,rubens
rubens,rubens_61other_06garden.jpg,gogh_van
rubens,rubens_61other_071garde.jpg,rubens
rubens,rubens_61other_night_sc.jpg,rembrand
rubens,rubens_5landsca_01landsc.jpg,gogh_van
rubens,rubens_5landsca_02landsc.jpg,rubens
rubens,rubens_5landsca_03landsc.jpg,rubens
rubens,rubens_5landsca_041lands.jpg,rubens
rubens,rubens_5landsca_04landsc.jpg,rubens
rubens,rubens_5landsca_05landsc.jpg,gogh_van
rubens,rubens_5landsca_05landsd.jpg,rubens
rubens,rubens_5landsca_06landsc.jpg,rubens
rubens,rubens_5landsca_07landsc.jpg,gogh_van
rubens,rubens_5landsca_08landsc.jpg,rubens
rubens,rubens_5landsca_09landsc.jpg,gogh_van
rubens,rubens_5landsca_10landsc.jpg,rubens
rubens,rubens_5landsca_11landsc.jpg,rubens
rubens,rubens_5landsca_13landsc.jpg,rubens
rubens,rubens_5landsca_14landsc.jpg,gogh_van
rubens,rubens_5landsca_15landsc.jpg,gogh_van
rubens,rubens_5landsca_16landsc.jpg,rubens
rubens,rubens_5landsca_17landsc.jpg,rubens
rubens,rubens_42portra_01sp1630.jpg,rembrand
rubens,rubens_42portra_02debora.jpg,rubens
rubens,rubens_42portra_03heads.jpg,rubens
rubens,rubens_42portra_04headfr.jpg,rembrand
rubens,rubens_42portra_05fourme.jpg,rubens
rubens,rubens_42portra_06fourme.jpg,rubens
rubens,rubens_42portra_08infant.jpg,rubens
rubens,rubens_42portra_09fourme.jpg,rubens
rubens,rubens_42portra_10fourme.jpg,rubens
rubens,rubens_42portra_11family.jpg,rubens
rubens,rubens_42portra_12fourme.jpg,rubens
rubens,rubens_42portra_13sp1639.jpg,rubens
rubens,rubens_42portra_14fourme.jpg,rubens
rubens,rubens_41portra_01schola.jpg,rembrand
rubens,rubens_41portra_02lerma.jpg,rubens
rubens,rubens_41portra_03brigid.jpg,rubens
rubens,rubens_41portra_04doria.jpg,rubens
rubens,rubens_41portra_05pallav.jpg,rubens
rubens,rubens_41portra_05sciopp.jpg,rubens
rubens,rubens_41portra_06mantua.jpg,rubens
rubens,rubens_41portra_07planti.jpg,rubens
rubens,rubens_41portra_08artist.jpg,rubens
rubens,rubens_41portra_09philos.jpg,rubens
rubens,rubens_41portra_10portra.jpg,rubens
rubens,rubens_41portra_11boybir.jpg,rubens
rubens,rubens_41portra_11vermoe.jpg,rubens
rubens,rubens_41portra_12respai.jpg,rubens
rubens,rubens_41portra_13arunde.jpg,rubens
rubens,rubens_41portra_13infant.jpg,rubens
rubens,rubens_41portra_14mariem.jpg,rubens
rubens,rubens_41portra_151anne.jpg,rubens
rubens,rubens_41portra_16buckin.jpg,rubens
rubens,rubens_41portra_17pwoman.jpg,rubens
rubens,rubens_41portra_18chmaid.jpg,rembrand
rubens,rubens_41portra_19strawh.jpg,rubens
rubens,rubens_41portra_20brandt.jpg,rubens
rubens,rubens_41portra_20brant.jpg,rembrand
rubens,rubens_41portra_21albert.jpg,rubens
rubens,rubens_41portra_22sp1623.jpg,rembrand
rubens,rubens_41portra_22sp1628.jpg,rubens
rubens,rubens_41portra_23gevart.jpg,rubens
rubens,rubens_41portra_24spinol.jpg,rubens
rubens,rubens_41portra_25titia1.jpg,rubens
rubens,rubens_41portra_25titia2.jpg,rembrand
rubens,rubens_41portra_25titia3.jpg,rubens
rubens,rubens_40histor_01medici.jpg,rubens
rubens,rubens_40histor_03medici.jpg,rubens
rubens,rubens_40histor_04medici.jpg,rubens
rubens,rubens_40histor_05medici.jpg,rubens
rubens,rubens_40histor_06medici.jpg,rubens
rubens,rubens_40histor_07medici.jpg,gogh_van
rubens,rubens_40histor_10triump.jpg,rubens
rubens,rubens_30allego_00allego.jpg,rubens
rubens,rubens_30allego_01allego.jpg,rubens
rubens,rubens_30allego_03allego.jpg,gogh_van
rubens,rubens_30allego_03allegp.jpg,rubens
rubens,rubens_30allego_04allego.jpg,rembrand
rubens,rubens_30allego_05allego.jpg,rubens
rubens,rubens_30allego_06allego.jpg,rubens
rubens,rubens_30allego_08allego.jpg,rembrand
rubens,rubens_23mythol_41mythol.jpg,rubens
rubens,rubens_23mythol_42mythol.jpg,rubens
rubens,rubens_23mythol_43mythol.jpg,rubens
rubens,rubens_23mythol_44mythol.jpg,rubens
rubens,rubens_23mythol_45mythol.jpg,rubens
rubens,rubens_23mythol_47mythol.jpg,rubens
rubens,rubens_23mythol_48mythol.jpg,rubens
rubens,rubens_23mythol_53mythol.jpg,rubens
rubens,rubens_23mythol_54mythol.jpg,rubens
rubens,rubens_23mythol_55mythol.jpg,rubens
rubens,rubens_23mythol_56mythol.jpg,rubens
rubens,rubens_23mythol_57mythol.jpg,rembrand
rubens,rubens_23mythol_58mythol.jpg,rubens
rubens,rubens_22mythol_20mythol.jpg,rubens
rubens,rubens_22mythol_21mythol.jpg,rubens
rubens,rubens_22mythol_22mythol.jpg,rubens
rubens,rubens_22mythol_23mythol.jpg,rembrand
rubens,rubens_22mythol_24mythol.jpg,rubens
rubens,rubens_22mythol_25mythol.jpg,rubens
rubens,rubens_22mythol_26mytho.jpg,rubens
rubens,rubens_22mythol_26mythol.jpg,rubens
rubens,rubens_22mythol_27mythol.jpg,rubens
rubens,rubens_22mythol_281mytho.jpg,rubens
rubens,rubens_22mythol_282mytho.jpg,rubens
rubens,rubens_22mythol_28mythol.jpg,rubens
rubens,rubens_22mythol_29mythol.jpg,rubens
rubens,rubens_22mythol_30mythol.jpg,rubens
rubens,rubens_22mythol_30mythom.jpg,gogh_van
rubens,rubens_22mythol_31mythol.jpg,rubens
rubens,rubens_22mythol_32mythol.jpg,rubens
rubens,rubens_22mythol_33mythol.jpg,rubens
rubens,rubens_22mythol_35mythol.jpg,rubens
rubens,rubens_22mythol_36mytho.jpg,rubens
rubens,rubens_22mythol_36mythol.jpg,rubens
rubens,rubens_21mythol_01mytho.jpg,rubens
rubens,rubens_21mythol_01mythol.jpg,rubens
rubens,rubens_21mythol_03mythol.jpg,rubens
rubens,rubens_21mythol_05mythol.jpg,rubens
rubens,rubens_21mythol_05mythom.jpg,rubens
rubens,rubens_21mythol_06mythol.jpg,rubens
rubens,rubens_21mythol_07mythol.jpg,rubens
rubens,rubens_21mythol_08mythol.jpg,rubens
rubens,rubens_21mythol_09mythol.jpg,rubens
rubens,rubens_21mythol_10mythol.jpg,rubens
rubens,rubens_21mythol_11mythol.jpg,rubens
rubens,rubens_21mythol_12mythol.jpg,rubens
rubens,rubens_21mythol_13mythol.jpg,rubens
rubens,rubens_21mythol_14mythol.jpg,rubens
rubens,rubens_21mythol_15mythol.jpg,rubens
rubens,rubens_21mythol_16mythol.jpg,rubens
rubens,rubens_15biblic_01susann.jpg,rubens
rubens,rubens_15biblic_02samson.jpg,rubens
rubens,rubens_15biblic_03susann.jpg,rubens
rubens,rubens_15biblic_07daniel.jpg,rubens
rubens,rubens_15biblic_08judith.jpg,rembrand
rubens,rubens_15biblic_09bathsh.jpg,rubens
rubens,rubens_15biblic_10feast.jpg,rubens
rubens,rubens_14religi_70religi.jpg,rubens
rubens,rubens_14religi_71religi.jpg,rubens
rubens,rubens_14religi_72religi.jpg,rubens
rubens,rubens_14religi_72religj.jpg,rubens
rubens,rubens_14religi_73religi.jpg,rubens
rubens,rubens_14religi_74religi.jpg,rubens
rubens,rubens_14religi_75religi.jpg,rubens
rubens,rubens_14religi_76religi.jpg,rubens
rubens,rubens_14religi_77religi.jpg,rubens
rubens,rubens_14religi_78religi.jpg,rubens
rubens,rubens_14religi_79relig.jpg,rubens
rubens,rubens_14religi_79religi.jpg,rubens
rubens,rubens_14religi_80religi.jpg,rubens
rubens,rubens_14religi_81religi.jpg,rubens
rubens,rubens_13religi_51religi.jpg,rubens
rubens,rubens_13religi_52religi.jpg,rubens
rubens,rubens_13religi_53religi.jpg,rubens
rubens,rubens_13religi_54religi.jpg,gogh_van
rubens,rubens_13religi_55religi.jpg,rubens
rubens,rubens_13religi_58religi.jpg,rubens
rubens,rubens_13religi_59religi.jpg,rubens
rubens,rubens_13religi_60religi.jpg,rubens
rubens,rubens_13religi_61religi.jpg,rubens
rubens,rubens_13religi_62religi.jpg,rubens
rubens,rubens_12religi_30religi.jpg,rubens
rubens,rubens_12religi_31religi.jpg,rubens
rubens,rubens_12religi_32religi.jpg,rubens
rubens,rubens_12religi_33religi.jpg,rubens
rubens,rubens_12religi_34religi.jpg,rubens
rubens,rubens_12religi_35religi.jpg,rubens
rubens,rubens_12religi_36religi.jpg,rubens
rubens,rubens_12religi_371relig.jpg,rubens
rubens,rubens_12religi_37religi.jpg,rubens
rubens,rubens_12religi_38religi.jpg,rubens
rubens,rubens_12religi_39religi.jpg,rubens
rubens,rubens_12religi_40religi.jpg,rubens
rubens,rubens_12religi_41religi.jpg,rubens
rubens,rubens_12religi_42religi.jpg,rubens
rubens,rubens_12religi_43religi.jpg,rubens
rubens,rubens_12religi_44religi.jpg,rubens
rubens,rubens_12religi_45religi.jpg,rubens
rubens,rubens_11religi_03erect.jpg,rubens
rubens,rubens_11religi_05resur.jpg,rubens
rubens,rubens_11religi_05resur1.jpg,rubens
rubens,rubens_11religi_05resur2.jpg,rubens
rubens,rubens_11religi_07desce.jpg,rubens
rubens,rubens_11religi_07desce1.jpg,rubens
rubens,rubens_11religi_07desce6.jpg,rubens
rubens,rubens_11religi_07virgin.jpg,rubens
rubens,rubens_11religi_08assum.jpg,rubens
rubens,rubens_10religi_01religi.jpg,rubens
rubens,rubens_10religi_02religi.jpg,rubens
rubens,rubens_10religi_03religi.jpg,rubens
rubens,rubens_10religi_03religj.jpg,rubens
rubens,rubens_10religi_04religi.jpg,rubens
rubens,rubens_10religi_05religi.jpg,rubens
rubens,rubens_10religi_05religj.jpg,rubens
rubens,rubens_10religi_06religi.jpg,rubens
rubens,rubens_10religi_07religi.jpg,rubens
rubens,rubens_10religi_081relig.jpg,rubens
rubens,rubens_10religi_08religi.jpg,rubens
rubens,rubens_10religi_09religi.jpg,rubens
rubens,rubens_10religi_10religi.jpg,rubens
rubens,rubens_10religi_11religi.jpg,rembrand
rubens,rubens_10religi_12religi.jpg,rubens
rubens,rubens_10religi_13relig1.jpg,rubens
rubens,rubens_10religi_13religi.jpg,rubens
rubens,rubens_10religi_14religi.jpg,rubens
rubens,rubens_10religi_15religi.jpg,rubens
rubens,rubens_10religi_161relig.jpg,rubens
rubens,rubens_10religi_16religi.jpg,rubens
rubens,rubens_10religi_17religi.jpg,rubens
rubens,rubens_10religi_18religi.jpg,rubens
rubens,rubens_10religi_19religi.jpg,rubens
rubens,rubens_10religi_20religi.jpg,rubens
rubens,rubens_10religi_21religi.jpg,rubens
rembrand,rembrand_41misc_00misc.jpg,rubens
rembrand,rembrand_41misc_01misc.jpg,rubens
rembrand,rembrand_41misc_02misc.jpg,rembrand
rembrand,rembrand_41misc_03misc.jpg,rubens
rembrand,rembrand_41misc_04misc.jpg,rubens
rembrand,rembrand_41misc_05misc.jpg,rembrand
rembrand,rembrand_41misc_06misc.jpg,rembrand
rembrand,rembrand_41misc_08misc.jpg,rubens
rembrand,rembrand_41misc_09misc.jpg,rembrand
rembrand,rembrand_41misc_10misc.jpg,rembrand
rembrand,rembrand_31landsc_01landsc.jpg,rubens
rembrand,rembrand_31landsc_02landsc.jpg,rubens
rembrand,rembrand_31landsc_04landsc.jpg,rubens
rembrand,rembrand_31landsc_05landsc.jpg,rubens
rembrand,rembrand_31landsc_06landsc.jpg,rubens
rembrand,rembrand_31landsc_07landsc.jpg,rubens
rembrand,rembrand_31landsc_08landsc.jpg,rubens
rembrand,rembrand_31landsc_09landsc.jpg,rubens
rembrand,rembrand_27self_01sp1626.jpg,rubens
rembrand,rembrand_27self_03sp1628.jpg,rubens
rembrand,rembrand_27self_04sp1629.jpg,rubens
rembrand,rembrand_27self_05sp1629.jpg,rembrand
rembrand,rembrand_27self_06sp1629.jpg,rembrand
rembrand,rembrand_27self_07sp1629.jpg,rembrand
rembrand,rembrand_27self_07sp1630.jpg,rembrand
rembrand,rembrand_27self_08sp1631.jpg,rubens
rembrand,rembrand_27self_09sp1633.jpg,rembrand
rembrand,rembrand_27self_10sp1634.jpg,rembrand
rembrand,rembrand_27self_11sp1634.jpg,rembrand
rembrand,rembrand_27self_12sp1634.jpg,rembrand
rembrand,rembrand_27self_13sp1634.jpg,rembrand
rembrand,rembrand_27self_13sp1640.jpg,rembrand
rembrand,rembrand_27self_14sp1643.jpg,rembrand
rembrand,rembrand_27self_15sp1657.jpg,rembrand
rembrand,rembrand_27self_16sp1658.jpg,rembrand
rembrand,rembrand_27self_17sp1659.jpg,rubens
rembrand,rembrand_27self_18sp1660.jpg,rembrand
rembrand,rembrand_27self_19sp1660.jpg,rubens
rembrand,rembrand_27self_20sp1661.jpg,rubens
rembrand,rembrand_27self_21sp1661.jpg,rembrand
rembrand,rembrand_27self_22sp1668.jpg,rubens
rembrand,rembrand_27self_22sp1669.jpg,rembrand
rembrand,rembrand_27self_23sp1669.jpg,rembrand
rembrand,rembrand_27self_24sp1669.jpg,rembrand
rembrand,rembrand_26group_01group.jpg,rubens
rembrand,rembrand_26group_05group.jpg,rembrand
rembrand,rembrand_26group_06group.jpg,rembrand
rembrand,rembrand_26group_12group.jpg,rubens
rembrand,rembrand_26group_13group.jpg,rembrand
rembrand,rembrand_26group_14group.jpg,rubens
rembrand,rembrand_26group_16group.jpg,rubens
rembrand,rembrand_25portra_120portr.jpg,rembrand
rembrand,rembrand_25portra_121portr.jpg,rembrand
rembrand,rembrand_25portra_122portr.jpg,rembrand
rembrand,rembrand_25portra_124portr.jpg,rembrand
rembrand,rembrand_25portra_125portr.jpg,rembrand
rembrand,rembrand_25portra_126portr.jpg,rembrand
rembrand,rembrand_25portra_127portr.jpg,rembrand
rembrand,rembrand_25portra_128portr.jpg,rembrand
rembrand,rembrand_25portra_129portr.jpg,rembrand
rembrand,rembrand_25portra_131portr.jpg,rembrand
rembrand,rembrand_25portra_134portr.jpg,rembrand
rembrand,rembrand_25portra_135portr.jpg,rembrand
rembrand,rembrand_25portra_136portr.jpg,rembrand
rembrand,rembrand_25portra_137portr.jpg,rembrand
rembrand,rembrand_24portra_081portr.jpg,rembrand
rembrand,rembrand_24portra_082portr.jpg,rembrand
rembrand,rembrand_24portra_083portr.jpg,rembrand
rembrand,rembrand_24portra_084portr.jpg,rembrand
rembrand,rembrand_24portra_085portr.jpg,rembrand
rembrand,rembrand_24portra_086portr.jpg,rembrand
rembrand,rembrand_24portra_089portr.jpg,rembrand
rembrand,rembrand_24portra_090portr.jpg,rembrand
rembrand,rembrand_24portra_091portr.jpg,rembrand
rembrand,rembrand_24portra_092portr.jpg,rembrand
rembrand,rembrand_24portra_093portr.jpg,rembrand
rembrand,rembrand_24portra_094portr.jpg,rubens
rembrand,rembrand_24portra_095portr.jpg,rembrand
rembrand,rembrand_24portra_096portr.jpg,rubens
rembrand,rembrand_24portra_097portr.jpg,rembrand
rembrand,rembrand_24portra_098portr.jpg,rubens
rembrand,rembrand_24portra_100portr.jpg,rembrand
rembrand,rembrand_24portra_102portr.jpg,rembrand
rembrand,rembrand_24portra_102ports.jpg,rembrand
rembrand,rembrand_24portra_103portr.jpg,rubens
rembrand,rembrand_24portra_104portr.jpg,rembrand
rembrand,rembrand_24portra_105portr.jpg,rubens
rembrand,rembrand_24portra_106portr.jpg,rembrand
rembrand,rembrand_24portra_123portr.jpg,rembrand
rembrand,rembrand_23portra_61portra.jpg,rembrand
rembrand,rembrand_23portra_62portra.jpg,rembrand
rembrand,rembrand_23portra_63portra.jpg,rembrand
rembrand,rembrand_23portra_64portra.jpg,rembrand
rembrand,rembrand_23portra_65portra.jpg,rubens
rembrand,rembrand_23portra_67portra.jpg,rembrand
rembrand,rembrand_23portra_70portra.jpg,rubens
rembrand,rembrand_23portra_71portra.jpg,rubens
rembrand,rembrand_23portra_72portra.jpg,rubens
rembrand,rembrand_23portra_73portra.jpg,rembrand
rembrand,rembrand_23portra_74portra.jpg,rembrand
rembrand,rembrand_22portra_31portra.jpg,rubens
rembrand,rembrand_22portra_32portra.jpg,rembrand
rembrand,rembrand_22portra_33portra.jpg,rembrand
rembrand,rembrand_22portra_34portra.jpg,rembrand
rembrand,rembrand_22portra_35portra.jpg,rembrand
rembrand,rembrand_22portra_36portra.jpg,rubens
rembrand,rembrand_22portra_37portra.jpg,rembrand
rembrand,rembrand_22portra_39portra.jpg,rembrand
rembrand,rembrand_22portra_39portrb.jpg,rembrand
rembrand,rembrand_22portra_40portra.jpg,rembrand
rembrand,rembrand_22portra_40portrc.jpg,rembrand
rembrand,rembrand_22portra_40portrd.jpg,rembrand
rembrand,rembrand_22portra_41portra.jpg,rubens
rembrand,rembrand_22portra_42portra.jpg,rembrand
rembrand,rembrand_22portra_43portra.jpg,rubens
rembrand,rembrand_22portra_45portra.jpg,rembrand
rembrand,rembrand_22portra_46portra.jpg,rubens
rembrand,rembrand_22portra_47portra.jpg,rubens
rembrand,rembrand_22portra_48portra.jpg,rembrand
rembrand,rembrand_22portra_49portra.jpg,rembrand
rembrand,rembrand_22portra_50portra.jpg,rembrand
rembrand,rembrand_21portra_00portra.jpg,rubens
rembrand,rembrand_21portra_01portra.jpg,rembrand
rembrand,rembrand_21portra_02portra.jpg,rembrand
rembrand,rembrand_21portra_02portrb.jpg,rembrand
rembrand,rembrand_21portra_03portra.jpg,rubens
rembrand,rembrand_21portra_05portra.jpg,rembrand
rembrand,rembrand_21portra_06portra.jpg,rembrand
rembrand,rembrand_21portra_06portrb.jpg,rembrand
rembrand,rembrand_21portra_07portra.jpg,rubens
rembrand,rembrand_21portra_08portra.jpg,rembrand
rembrand,rembrand_21portra_09portra.jpg,rembrand
rembrand,rembrand_21portra_10portra.jpg,rembrand
rembrand,rembrand_21portra_11portra.jpg,rubens
rembrand,rembrand_21portra_12portra.jpg,rembrand
rembrand,rembrand_21portra_13portra.jpg,rembrand
rembrand,rembrand_21portra_15portra.jpg,rembrand
rembrand,rembrand_21portra_16portra.jpg,rembrand
rembrand,rembrand_21portra_17portra.jpg,rembrand
rembrand,rembrand_21portra_18portra.jpg,rembrand
rembrand,rembrand_21portra_19portra.jpg,rembrand
rembrand,rembrand_21portra_20portra.jpg,rembrand
rembrand,rembrand_21portra_21portra.jpg,rembrand
rembrand,rembrand_17histor_01histor.jpg,gogh_van
rembrand,rembrand_17histor_02histor.jpg,rembrand
rembrand,rembrand_17histor_03histor.jpg,rembrand
rembrand,rembrand_17histor_03histos.jpg,rembrand
rembrand,rembrand_17histor_06histor.jpg,rembrand
rembrand,rembrand_17histor_08histor.jpg,rembrand
rembrand,rembrand_17histor_09histor.jpg,rembrand
rembrand,rembrand_16mythol_00mythol.jpg,rubens
rembrand,rembrand_16mythol_01mythol.jpg,gogh_van
rembrand,rembrand_16mythol_02mythol.jpg,gogh_van
rembrand,rembrand_16mythol_04mythol.jpg,rembrand
rembrand,rembrand_16mythol_05mythol.jpg,rembrand
rembrand,rembrand_16mythol_06mythol.jpg,rubens
rembrand,rembrand_16mythol_06mythom.jpg,rembrand
rembrand,rembrand_16mythol_07mythol.jpg,rembrand
rembrand,rembrand_16mythol_07mythom.jpg,rembrand
rembrand,rembrand_16mythol_09mythol.jpg,rembrand
rembrand,rembrand_16mythol_13mythol.jpg,rembrand
rembrand,rembrand_16mythol_13mythom.jpg,rembrand
rembrand,rembrand_16mythol_14mythol.jpg,rembrand
rembrand,rembrand_15oldtes_01oldtes.jpg,rubens
rembrand,rembrand_15oldtes_02oldtes.jpg,rubens
rembrand,rembrand_15oldtes_03oldter.jpg,rubens
rembrand,rembrand_15oldtes_03oldtes.jpg,rubens
rembrand,rembrand_15oldtes_03oldtet.jpg,gogh_van
rembrand,rembrand_15oldtes_04oldtes.jpg,rembrand
rembrand,rembrand_15oldtes_05oldtes.jpg,rembrand
rembrand,rembrand_15oldtes_05oldtet.jpg,rubens
rembrand,rembrand_15oldtes_06oldtes.jpg,rubens
rembrand,rembrand_15oldtes_06oldtet.jpg,rubens
rembrand,rembrand_15oldtes_07oldtes.jpg,rembrand
rembrand,rembrand_15oldtes_08oldtes.jpg,rembrand
rembrand,rembrand_15oldtes_10oldtes.jpg,rubens
rembrand,rembrand_15oldtes_11oldtes.jpg,rembrand
rembrand,rembrand_15oldtes_12oldtes.jpg,rubens
rembrand,rembrand_15oldtes_13oldtes.jpg,rubens
rembrand,rembrand_15oldtes_14oldtes.jpg,rubens
rembrand,rembrand_15oldtes_15oldtes.jpg,rembrand
rembrand,rembrand_15oldtes_16oldtes.jpg,rembrand
rembrand,rembrand_15oldtes_17oldtes.jpg,rembrand
rembrand,rembrand_15oldtes_19oldtes.jpg,rubens
rembrand,rembrand_15oldtes_19oldtet.jpg,rubens
rembrand,rembrand_15oldtes_20oldtes.jpg,rubens
rembrand,rembrand_15oldtes_21oldtes.jpg,rembrand
rembrand,rembrand_15oldtes_22oldtes.jpg,rembrand
rembrand,rembrand_15oldtes_24oldtes.jpg,rembrand
rembrand,rembrand_15oldtes_25oldtes.jpg,rembrand
rembrand,rembrand_14biblic_61newtes.jpg,rubens
rembrand,rembrand_14biblic_62newtes.jpg,rembrand
rembrand,rembrand_14biblic_63newtes.jpg,rembrand
rembrand,rembrand_14biblic_64newtes.jpg,rembrand
rembrand,rembrand_14biblic_65newtes.jpg,rembrand
rembrand,rembrand_14biblic_66newtes.jpg,rembrand
rembrand,rembrand_14biblic_67newtes.jpg,rembrand
rembrand,rembrand_14biblic_68newtes.jpg,rembrand
rembrand,rembrand_14biblic_69newtes.jpg,rembrand
rembrand,rembrand_14biblic_70newtes.jpg,rembrand
rembrand,rembrand_13biblic_31newtes.jpg,rembrand
rembrand,rembrand_13biblic_32newtes.jpg,rembrand
rembrand,rembrand_13biblic_33newtes.jpg,rembrand
rembrand,rembrand_13biblic_34newtes.jpg,rembrand
rembrand,rembrand_13biblic_36newtes.jpg,rubens
rembrand,rembrand_13biblic_37newtes.jpg,rubens
rembrand,rembrand_13biblic_38newtes.jpg,rubens
rembrand,rembrand_13biblic_39newtes.jpg,rembrand
rembrand,rembrand_12passio_01passio.jpg,rembrand
rembrand,rembrand_12passio_02passio.jpg,rembrand
rembrand,rembrand_12passio_03passio.jpg,rubens
rembrand,rembrand_12passio_04passio.jpg,rembrand
rembrand,rembrand_12passio_05passio.jpg,rembrand
rembrand,rembrand_12passio_06passio.jpg,rubens
rembrand,rembrand_12passio_07passio.jpg,rembrand
rembrand,rembrand_12passio_08passio.jpg,rembrand
rembrand,rembrand_11biblic_01newtes.jpg,rubens
rembrand,rembrand_11biblic_02newtes.jpg,rubens
rembrand,rembrand_11biblic_02newtet.jpg,gogh_van
rembrand,rembrand_11biblic_03newtes.jpg,rembrand
rembrand,rembrand_11biblic_04newtes.jpg,rubens
rembrand,rembrand_11biblic_05newtes.jpg,rubens
rembrand,rembrand_11biblic_06newtes.jpg,rubens
rembrand,rembrand_11biblic_07newtes.jpg,rubens
rembrand,rembrand_11biblic_08newtes.jpg,rubens
rembrand,rembrand_11biblic_09newtes.jpg,rubens
rembrand,rembrand_11biblic_10newtes.jpg,rubens
rembrand,rembrand_11biblic_11newtes.jpg,rembrand
rembrand,rembrand_11biblic_12newtes.jpg,rembrand
rembrand,rembrand_11biblic_12newtet.jpg,rubens
rembrand,rembrand_11biblic_13newtes.jpg,rembrand
rembrand,rembrand_11biblic_14newtes.jpg,rembrand
rembrand,rembrand_11biblic_15newtes.jpg,rubens
rembrand,rembrand_11biblic_15newtet.jpg,rubens
rembrand,rembrand_11biblic_16newtes.jpg,rembrand
rembrand,rembrand_11biblic_17newtes.jpg,rembrand
gogh_van,gogh_van_20_litho01.jpg,gogh_van
gogh_van,gogh_van_20_litho02.jpg,gogh_van
gogh_van,gogh_van_20_litho03.jpg,gogh_van
gogh_van,gogh_van_20_litho05.jpg,gogh_van
gogh_van,gogh_van_20_litho06.jpg,gogh_van
gogh_van,gogh_van_20_litho07.jpg,gogh_van
gogh_van,gogh_van_20_litho08.jpg,gogh_van
gogh_van,gogh_van_20_litho09.jpg,gogh_van
gogh_van,gogh_van_19_1remy01.jpg,gogh_van
gogh_van,gogh_van_19_1remy02.jpg,gogh_van
gogh_van,gogh_van_19_1remy03.jpg,gogh_van
gogh_van,gogh_van_19_1remy04.jpg,gogh_van
gogh_van,gogh_van_19_1remy05.jpg,gogh_van
gogh_van,gogh_van_19_1remy06.jpg,gogh_van
gogh_van,gogh_van_19_1remy07.jpg,gogh_van
gogh_van,gogh_van_19_1remy08.jpg,gogh_van
gogh_van,gogh_van_19_1remy09.jpg,gogh_van
gogh_van,gogh_van_19_1remy10.jpg,gogh_van
gogh_van,gogh_van_19_1remy11.jpg,gogh_van
gogh_van,gogh_van_19_1remy12.jpg,gogh_van
gogh_van,gogh_van_19_1remy13.jpg,gogh_van
gogh_van,gogh_van_19_1remy14.jpg,gogh_van
gogh_van,gogh_van_19_1remy15.jpg,gogh_van
gogh_van,gogh_van_19_1remy16.jpg,gogh_van
gogh_van,gogh_van_19_2auvers1.jpg,gogh_van
gogh_van,gogh_van_19_2auvers2.jpg,gogh_van
gogh_van,gogh_van_19_2auvers4.jpg,gogh_van
gogh_van,gogh_van_18_1paris01.jpg,gogh_van
gogh_van,gogh_van_18_1paris02.jpg,gogh_van
gogh_van,gogh_van_18_1paris03.jpg,gogh_van
gogh_van,gogh_van_18_1paris04.jpg,gogh_van
gogh_van,gogh_van_18_1paris05.jpg,gogh_van
gogh_van,gogh_van_18_2arles01.jpg,rubens
gogh_van,gogh_van_18_2arles02.jpg,gogh_van
gogh_van,gogh_van_18_2arles03.jpg,gogh_van
gogh_van,gogh_van_18_2arles04.jpg,gogh_van
gogh_van,gogh_van_18_2arles05.jpg,gogh_van
gogh_van,gogh_van_18_2arles06.jpg,gogh_van
gogh_van,gogh_van_18_2arles07.jpg,gogh_van
gogh_van,gogh_van_18_2arles08.jpg,gogh_van
gogh_van,gogh_van_18_2arles09.jpg,gogh_van
gogh_van,gogh_van_18_2arles10.jpg,gogh_van
gogh_van,gogh_van_18_2arles11.jpg,gogh_van
gogh_van,gogh_van_18_2arles12.jpg,gogh_van
gogh_van,gogh_van_18_2arles13.jpg,gogh_van
gogh_van,gogh_van_18_2arles14.jpg,gogh_van
gogh_van,gogh_van_17_1etten1.jpg,gogh_van
gogh_van,gogh_van_17_1etten2.jpg,rubens
gogh_van,gogh_van_17_1etten3.jpg,gogh_van
gogh_van,gogh_van_17_1etten4.jpg,gogh_van
gogh_van,gogh_van_17_1etten5.jpg,gogh_van
gogh_van,gogh_van_17_1etten6.jpg,gogh_van
gogh_van,gogh_van_17_2hague01.jpg,gogh_van
gogh_van,gogh_van_17_2hague02.jpg,gogh_van
gogh_van,gogh_van_17_2hague04.jpg,gogh_van
gogh_van,gogh_van_17_2hague05.jpg,gogh_van
gogh_van,gogh_van_17_2hague06.jpg,rubens
gogh_van,gogh_van_17_2hague07.jpg,gogh_van
gogh_van,gogh_van_17_2hague08.jpg,gogh_van
gogh_van,gogh_van_17_2hague09.jpg,gogh_van
gogh_van,gogh_van_17_3drenth1.jpg,rubens
gogh_van,gogh_van_17_3drenth2.jpg,rubens
gogh_van,gogh_van_17_4nuene01.jpg,gogh_van
gogh_van,gogh_van_17_4nuene02.jpg,gogh_van
gogh_van,gogh_van_17_4nuene03.jpg,gogh_van
gogh_van,gogh_van_17_4nuene04.jpg,gogh_van
gogh_van,gogh_van_17_4nuene05.jpg,gogh_van
gogh_van,gogh_van_17_4nuene06.jpg,gogh_van
gogh_van,gogh_van_17_4nuene07.jpg,gogh_van
gogh_van,gogh_van_17_4nuene08.jpg,gogh_van
gogh_van,gogh_van_17_4nuene09.jpg,gogh_van
gogh_van,gogh_van_17_4nuene10.jpg,gogh_van
gogh_van,gogh_van_17_4nuene11.jpg,gogh_van
gogh_van,gogh_van_16_selfpo01.jpg,rubens
gogh_van,gogh_van_16_selfpo02.jpg,rubens
gogh_van,gogh_van_16_selfpo03.jpg,rembrand
gogh_van,gogh_van_16_selfpo04.jpg,rembrand
gogh_van,gogh_van_16_selfpo05.jpg,gogh_van
gogh_van,gogh_van_16_selfpo06.jpg,rubens
gogh_van,gogh_van_16_selfpo07.jpg,gogh_van
gogh_van,gogh_van_16_selfpo08.jpg,rubens
gogh_van,gogh_van_16_selfpo09.jpg,rubens
gogh_van,gogh_van_16_selfpo10.jpg,rubens
gogh_van,gogh_van_16_selfpo11.jpg,rubens
gogh_van,gogh_van_16_selfpo12.jpg,rubens
gogh_van,gogh_van_16_selfpo13.jpg,rubens
gogh_van,gogh_van_16_selfpo14.jpg,rubens
gogh_van,gogh_van_16_selfpo15.jpg,rubens
gogh_van,gogh_van_16_selfpo16.jpg,rubens
gogh_van,gogh_van_16_selfpo17.jpg,rubens
gogh_van,gogh_van_16_selfpo18.jpg,rubens
gogh_van,gogh_van_16_selfpo19.jpg,rubens
gogh_van,gogh_van_16_selfpo20.jpg,gogh_van
gogh_van,gogh_van_16_selfpo21.jpg,rubens
gogh_van,gogh_van_16_selfpo22.jpg,rubens
gogh_van,gogh_van_16_selfpo23.jpg,rubens
gogh_van,gogh_van_16_selfpo24.jpg,rubens
gogh_van,gogh_van_16_selfpo25.jpg,gogh_van
gogh_van,gogh_van_16_selfpo26.jpg,gogh_van
gogh_van,gogh_van_16_selfpo27.jpg,gogh_van
gogh_van,gogh_van_16_selfpo28.jpg,gogh_van
gogh_van,gogh_van_16_selfpo29.jpg,rubens
gogh_van,gogh_van_16_selfpo30.jpg,rubens
gogh_van,gogh_van_16_selfpo31.jpg,gogh_van
gogh_van,gogh_van_16_selfpo32.jpg,rubens
gogh_van,gogh_van_16_selfpo33.jpg,gogh_van
gogh_van,gogh_van_16_selfpo34.jpg,gogh_van
gogh_van,gogh_van_16_selfpo35.jpg,gogh_van
gogh_van,gogh_van_15_auvers01.jpg,gogh_van
gogh_van,gogh_van_15_auvers02.jpg,gogh_van
gogh_van,gogh_van_15_auvers03.jpg,gogh_van
gogh_van,gogh_van_15_auvers04.jpg,gogh_van
gogh_van,gogh_van_15_auvers05.jpg,gogh_van
gogh_van,gogh_van_15_auvers06.jpg,gogh_van
gogh_van,gogh_van_15_auvers07.jpg,gogh_van
gogh_van,gogh_van_15_auvers08.jpg,gogh_van
gogh_van,gogh_van_15_auvers09.jpg,gogh_van
gogh_van,gogh_van_15_auvers10.jpg,gogh_van
gogh_van,gogh_van_15_auvers11.jpg,rubens
gogh_van,gogh_van_15_auvers12.jpg,gogh_van
gogh_van,gogh_van_15_auvers13.jpg,gogh_van
gogh_van,gogh_van_15_auvers14.jpg,gogh_van
gogh_van,gogh_van_15_auvers15.jpg,gogh_van
gogh_van,gogh_van_15_auvers18.jpg,gogh_van
gogh_van,gogh_van_15_auvers19.jpg,gogh_van
gogh_van,gogh_van_15_auvers20.jpg,gogh_van
gogh_van,gogh_van_15_auvers21.jpg,gogh_van
gogh_van,gogh_van_15_auvers22.jpg,gogh_van
gogh_van,gogh_van_15_auvers23.jpg,gogh_van
gogh_van,gogh_van_15_auvers24.jpg,gogh_van
gogh_van,gogh_van_15_auvers25.jpg,gogh_van
gogh_van,gogh_van_15_auvers26.jpg,rubens
gogh_van,gogh_van_15_auvers27.jpg,gogh_van
gogh_van,gogh_van_15_auvers28.jpg,gogh_van
gogh_van,gogh_van_15_auvers29.jpg,gogh_van
gogh_van,gogh_van_15_auvers30.jpg,gogh_van
gogh_van,gogh_van_14_4earlie1.jpg,gogh_van
gogh_van,gogh_van_14_4earlie2.jpg,gogh_van
gogh_van,gogh_van_14_4earlie3.jpg,gogh_van
gogh_van,gogh_van_14_5portra1.jpg,gogh_van
gogh_van,gogh_van_14_5portra2.jpg,gogh_van
gogh_van,gogh_van_14_5portra3.jpg,rubens
gogh_van,gogh_van_14_5portra4.jpg,rubens
gogh_van,gogh_van_14_5portra5.jpg,gogh_van
gogh_van,gogh_van_14_6still1.jpg,gogh_van
gogh_van,gogh_van_14_6still2.jpg,gogh_van
gogh_van,gogh_van_14_6still3.jpg,gogh_van
gogh_van,gogh_van_13_copies01.jpg,gogh_van
gogh_van,gogh_van_13_copies02.jpg,gogh_van
gogh_van,gogh_van_13_copies03.jpg,gogh_van
gogh_van,gogh_van_13_copies04.jpg,gogh_van
gogh_van,gogh_van_13_copies05.jpg,gogh_van
gogh_van,gogh_van_13_copies06.jpg,rubens
gogh_van,gogh_van_13_copies07.jpg,gogh_van
gogh_van,gogh_van_13_copies08.jpg,rubens
gogh_van,gogh_van_13_copies09.jpg,gogh_van
gogh_van,gogh_van_13_copies10.jpg,gogh_van
gogh_van,gogh_van_13_copies11.jpg,gogh_van
gogh_van,gogh_van_13_copies12.jpg,gogh_van
gogh_van,gogh_van_13_copies13.jpg,gogh_van
gogh_van,gogh_van_13_copies14.jpg,gogh_van
gogh_van,gogh_van_13_copies15.jpg,gogh_van
gogh_van,gogh_van_13_copies16.jpg,gogh_van
gogh_van,gogh_van_13_copies17.jpg,gogh_van
gogh_van,gogh_van_13_copies18.jpg,gogh_van
gogh_van,gogh_van_13_copies19.jpg,rubens
gogh_van,gogh_van_13_copies20.jpg,gogh_van
gogh_van,gogh_van_13_copies21.jpg,gogh_van
gogh_van,gogh_van_12_cypres01.jpg,gogh_van
gogh_van,gogh_van_12_cypres02.jpg,gogh_van
gogh_van,gogh_van_12_cypres03.jpg,gogh_van
gogh_van,gogh_van_12_cypres04.jpg,gogh_van
gogh_van,gogh_van_12_cypres05.jpg,gogh_van
gogh_van,gogh_van_12_cypres06.jpg,gogh_van
gogh_van,gogh_van_12_cypres07.jpg,gogh_van
gogh_van,gogh_van_12_cypres08.jpg,gogh_van
gogh_van,gogh_van_12_cypres09.jpg,gogh_van
gogh_van,gogh_van_12_olive01.jpg,gogh_van
gogh_van,gogh_van_12_olive02.jpg,gogh_van
gogh_van,gogh_van_12_olive03.jpg,gogh_van
gogh_van,gogh_van_12_olive04.jpg,gogh_van
gogh_van,gogh_van_12_olive05.jpg,rubens
gogh_van,gogh_van_12_olive06.jpg,rubens
gogh_van,gogh_van_12_olive07.jpg,gogh_van
gogh_van,gogh_van_12_olive08.jpg,gogh_van
gogh_van,gogh_van_12_olive09.jpg,gogh_van
gogh_van,gogh_van_12_olive10.jpg,rubens
gogh_van,gogh_van_11_1asylu01.jpg,gogh_van
gogh_van,gogh_van_11_1asylu02.jpg,gogh_van
gogh_van,gogh_van_11_1asylu03.jpg,gogh_van
gogh_van,gogh_van_11_1asylu04.jpg,gogh_van
gogh_van,gogh_van_11_1asylu05.jpg,gogh_van
gogh_van,gogh_van_11_1asylu06.jpg,gogh_van
gogh_van,gogh_van_11_1asylu07.jpg,gogh_van
gogh_van,gogh_van_11_1asylu08.jpg,gogh_van
gogh_van,gogh_van_11_1asylu09.jpg,rubens
gogh_van,gogh_van_11_1asylu10.jpg,gogh_van
gogh_van,gogh_van_11_2enclos1.jpg,gogh_van
gogh_van,gogh_van_11_2enclos2.jpg,gogh_van
gogh_van,gogh_van_11_2enclos3.jpg,gogh_van
gogh_van,gogh_van_11_2enclos4.jpg,rubens
gogh_van,gogh_van_11_2enclos5.jpg,gogh_van
gogh_van,gogh_van_11_2enclos6.jpg,rubens
gogh_van,gogh_van_11_3enviro1.jpg,gogh_van
gogh_van,gogh_van_11_3enviro2.jpg,gogh_van
gogh_van,gogh_van_11_3enviro3.jpg,gogh_van
gogh_van,gogh_van_11_3enviro4.jpg,gogh_van
gogh_van,gogh_van_10_portra01.jpg,gogh_van
gogh_van,gogh_van_10_portra02.jpg,rubens
gogh_van,gogh_van_10_portra03.jpg,gogh_van
gogh_van,gogh_van_10_portra04.jpg,rubens
gogh_van,gogh_van_10_portra05.jpg,gogh_van
gogh_van,gogh_van_10_portra06.jpg,gogh_van
gogh_van,gogh_van_10_portra07.jpg,rubens
gogh_van,gogh_van_10_portra08.jpg,rubens
gogh_van,gogh_van_10_portra09.jpg,rubens
gogh_van,gogh_van_10_portra10.jpg,gogh_van
gogh_van,gogh_van_10_portra11.jpg,gogh_van
gogh_van,gogh_van_10_portra12.jpg,gogh_van
gogh_van,gogh_van_10_portra13.jpg,gogh_van
gogh_van,gogh_van_10_portra14.jpg,gogh_van
gogh_van,gogh_van_10_portra15.jpg,rubens
gogh_van,gogh_van_10_portra16.jpg,gogh_van
gogh_van,gogh_van_10_portra17.jpg,rubens
gogh_van,gogh_van_10_portra18.jpg,gogh_van
gogh_van,gogh_van_10_portra19.jpg,gogh_van
gogh_van,gogh_van_09_arles41.jpg,gogh_van
gogh_van,gogh_van_09_arles42.jpg,gogh_van
gogh_van,gogh_van_09_arles43.jpg,rubens
gogh_van,gogh_van_09_arles44.jpg,gogh_van
gogh_van,gogh_van_09_arles45.jpg,gogh_van
gogh_van,gogh_van_09_arles46.jpg,rubens
gogh_van,gogh_van_09_arles47.jpg,gogh_van
gogh_van,gogh_van_09_arles48.jpg,gogh_van
gogh_van,gogh_van_09_arles49.jpg,gogh_van
gogh_van,gogh_van_09_arles50.jpg,gogh_van
gogh_van,gogh_van_09_arles51.jpg,gogh_van
gogh_van,gogh_van_09_arles52.jpg,gogh_van
gogh_van,gogh_van_09_arles53.jpg,rubens
gogh_van,gogh_van_09_arles54.jpg,gogh_van
gogh_van,gogh_van_09_arles55.jpg,rubens
gogh_van,gogh_van_09_arles56.jpg,gogh_van
gogh_van,gogh_van_09_arles57.jpg,gogh_van
gogh_van,gogh_van_09_arles58.jpg,rubens
gogh_van,gogh_van_09_arles59.jpg,gogh_van
gogh_van,gogh_van_09_arles60.jpg,rubens
gogh_van,gogh_van_09_arles61.jpg,rubens
gogh_van,gogh_van_09_arles62.jpg,rubens
gogh_van,gogh_van_09_arles63.jpg,rubens
gogh_van,gogh_van_09_arles64.jpg,gogh_van
gogh_van,gogh_van_09_arles65.jpg,gogh_van
gogh_van,gogh_van_09_arles66.jpg,rubens
gogh_van,gogh_van_09_arles67.jpg,rubens
gogh_van,gogh_van_09_arles68.jpg,rubens
gogh_van,gogh_van_09_arles69.jpg,gogh_van
gogh_van,gogh_van_09_arles70.jpg,gogh_van
gogh_van,gogh_van_08_1arles01.jpg,gogh_van
gogh_van,gogh_van_08_1arles03.jpg,gogh_van
gogh_van,gogh_van_08_1arles04.jpg,gogh_van
gogh_van,gogh_van_08_1arles05.jpg,gogh_van
gogh_van,gogh_van_08_1arles06.jpg,gogh_van
gogh_van,gogh_van_08_1arles07.jpg,gogh_van
gogh_van,gogh_van_08_1arles08.jpg,gogh_van
gogh_van,gogh_van_08_1arles09.jpg,rubens
gogh_van,gogh_van_08_1arles10.jpg,gogh_van
gogh_van,gogh_van_08_1arles11.jpg,gogh_van
gogh_van,gogh_van_08_1arles12.jpg,gogh_van
gogh_van,gogh_van_08_2maries1.jpg,gogh_van
gogh_van,gogh_van_08_2maries2.jpg,gogh_van
gogh_van,gogh_van_08_2maries3.jpg,rubens
gogh_van,gogh_van_08_2maries4.jpg,rubens
gogh_van,gogh_van_08_2maries5.jpg,gogh_van
gogh_van,gogh_van_08_2maries6.jpg,gogh_van
gogh_van,gogh_van_08_3arles21.jpg,rubens
gogh_van,gogh_van_08_3arles22.jpg,rubens
gogh_van,gogh_van_08_3arles23.jpg,rubens
gogh_van,gogh_van_08_3arles24.jpg,gogh_van
gogh_van,gogh_van_08_3arles25.jpg,rubens
gogh_van,gogh_van_08_3arles26.jpg,gogh_van
gogh_van,gogh_van_08_3arles28.jpg,rubens
gogh_van,gogh_van_08_3arles29.jpg,gogh_van
gogh_van,gogh_van_08_3arles30.jpg,gogh_van
gogh_van,gogh_van_08_3arles31.jpg,gogh_van
gogh_van,gogh_van_08_3arles32.jpg,gogh_van
gogh_van,gogh_van_07_orchar00.jpg,gogh_van
gogh_van,gogh_van_07_orchar01.jpg,gogh_van
gogh_van,gogh_van_07_orchar02.jpg,gogh_van
gogh_van,gogh_van_07_orchar03.jpg,gogh_van
gogh_van,gogh_van_07_orchar04.jpg,gogh_van
gogh_van,gogh_van_07_orchar05.jpg,gogh_van
gogh_van,gogh_van_07_orchar06.jpg,gogh_van
gogh_van,gogh_van_07_orchar07.jpg,gogh_van
gogh_van,gogh_van_07_orchar08.jpg,gogh_van
gogh_van,gogh_van_07_orchar09.jpg,gogh_van
gogh_van,gogh_van_06_paris01.jpg,gogh_van
gogh_van,gogh_van_06_paris02.jpg,rubens
gogh_van,gogh_van_06_paris03.jpg,gogh_van
gogh_van,gogh_van_06_paris04.jpg,gogh_van
gogh_van,gogh_van_06_paris05.jpg,gogh_van
gogh_van,gogh_van_06_paris06.jpg,gogh_van
gogh_van,gogh_van_06_paris07.jpg,gogh_van
gogh_van,gogh_van_06_paris08.jpg,gogh_van
gogh_van,gogh_van_06_paris09.jpg,gogh_van
gogh_van,gogh_van_06_paris10.jpg,gogh_van
gogh_van,gogh_van_06_paris11.jpg,gogh_van
gogh_van,gogh_van_06_paris12.jpg,gogh_van
gogh_van,gogh_van_06_paris13.jpg,gogh_van
gogh_van,gogh_van_06_paris14.jpg,gogh_van
gogh_van,gogh_van_06_paris15.jpg,gogh_van
gogh_van,gogh_van_06_paris16.jpg,gogh_van
gogh_van,gogh_van_06_paris17.jpg,gogh_van
gogh_van,gogh_van_06_paris18.jpg,gogh_van
gogh_van,gogh_van_06_paris19.jpg,gogh_van
gogh_van,gogh_van_06_paris20.jpg,gogh_van
gogh_van,gogh_van_06_paris21.jpg,rubens
gogh_van,gogh_van_06_paris22.jpg,gogh_van
gogh_van,gogh_van_06_paris24.jpg,rubens
gogh_van,gogh_van_06_paris25.jpg,rubens
gogh_van,gogh_van_06_paris26.jpg,gogh_van
gogh_van,gogh_van_06_paris28.jpg,rubens
gogh_van,gogh_van_05_flower01.jpg,rubens
gogh_van,gogh_van_05_flower02.jpg,rubens
gogh_van,gogh_van_05_flower03.jpg,gogh_van
gogh_van,gogh_van_05_flower04.jpg,rubens
gogh_van,gogh_van_05_flower05.jpg,rubens
gogh_van,gogh_van_05_flower06.jpg,rubens
gogh_van,gogh_van_05_flower07.jpg,rubens
gogh_van,gogh_van_05_flower08.jpg,gogh_van
gogh_van,gogh_van_05_flower09.jpg,rubens
gogh_van,gogh_van_05_flower10.jpg,gogh_van
gogh_van,gogh_van_05_flower11.jpg,rubens
gogh_van,gogh_van_05_flower12.jpg,gogh_van
gogh_van,gogh_van_05_flower13.jpg,gogh_van
gogh_van,gogh_van_05_flower14.jpg,gogh_van
gogh_van,gogh_van_05_still01.jpg,gogh_van
gogh_van,gogh_van_05_still02.jpg,rubens
gogh_van,gogh_van_05_still03.jpg,rubens
gogh_van,gogh_van_05_still04.jpg,rubens
gogh_van,gogh_van_05_still05.jpg,gogh_van
gogh_van,gogh_van_05_still06.jpg,gogh_van
gogh_van,gogh_van_05_still07.jpg,rubens
gogh_van,gogh_van_05_still08.jpg,gogh_van
gogh_van,gogh_van_05_still09.jpg,gogh_van
gogh_van,gogh_van_04_antwerp1.jpg,rubens
gogh_van,gogh_van_04_antwerp2.jpg,rubens
gogh_van,gogh_van_04_antwerp3.jpg,rubens
gogh_van,gogh_van_04_antwerp4.jpg,rubens
gogh_van,gogh_van_04_antwerp5.jpg,gogh_van
gogh_van,gogh_van_04_antwerp6.jpg,rubens
gogh_van,gogh_van_03_nuenen31.jpg,rubens
gogh_van,gogh_van_03_nuenen32.jpg,rubens
gogh_van,gogh_van_03_nuenen33.jpg,rubens
gogh_van,gogh_van_03_nuenen34.jpg,rubens
gogh_van,gogh_van_03_nuenen35.jpg,rubens
gogh_van,gogh_van_03_nuenen36.jpg,gogh_van
gogh_van,gogh_van_03_nuenen37.jpg,rubens
gogh_van,gogh_van_03_nuenen38.jpg,rubens
gogh_van,gogh_van_03_nuenen40.jpg,rubens
gogh_van,gogh_van_03_nuenen41.jpg,rubens
gogh_van,gogh_van_02_nuenen01.jpg,rubens
gogh_van,gogh_van_02_nuenen02.jpg,gogh_van
gogh_van,gogh_van_02_nuenen03.jpg,rubens
gogh_van,gogh_van_02_nuenen04.jpg,rubens
gogh_van,gogh_van_02_nuenen06.jpg,gogh_van
gogh_van,gogh_van_02_nuenen07.jpg,rubens
gogh_van,gogh_van_02_nuenen08.jpg,gogh_van
gogh_van,gogh_van_02_nuenen09.jpg,rubens
gogh_van,gogh_van_02_nuenen10.jpg,rembrand
gogh_van,gogh_van_02_nuenen11.jpg,gogh_van
gogh_van,gogh_van_02_nuenen12.jpg,rubens
gogh_van,gogh_van_02_nuenen13.jpg,rubens
gogh_van,gogh_van_02_nuenen14.jpg,rubens
gogh_van,gogh_van_02_nuenen15.jpg,rubens
gogh_van,gogh_van_02_nuenen16.jpg,rubens
gogh_van,gogh_van_02_nuenen17.jpg,rubens
gogh_van,gogh_van_02_nuenen18.jpg,gogh_van
gogh_van,gogh_van_02_nuenen19.jpg,rubens
gogh_van,gogh_van_02_nuenen20.jpg,gogh_van
gogh_van,gogh_van_02_nuenen21.jpg,gogh_van
gogh_van,gogh_van_02_nuenen22.jpg,rubens
gogh_van,gogh_van_02_nuenen23.jpg,gogh_van
gogh_van,gogh_van_02_nuenen24.jpg,gogh_van
gogh_van,gogh_van_02_nuenen25.jpg,rubens
gogh_van,gogh_van_01_1etten1.jpg,rubens
gogh_van,gogh_van_01_2hague01.jpg,rubens
gogh_van,gogh_van_01_2hague02.jpg,rubens
gogh_van,gogh_van_01_2hague03.jpg,rubens
gogh_van,gogh_van_01_2hague04.jpg,gogh_van
gogh_van,gogh_van_01_2hague05.jpg,rubens
gogh_van,gogh_van_01_2hague06.jpg,gogh_van
gogh_van,gogh_van_01_3drenth1.jpg,rubens
gogh_van,gogh_van_01_3drenth2.jpg,rubens
